[{"id":"5382","field_id":5,"fields":{"0":{"id":"0","type":"name","label":"Your Name (required)","format":"simple","description":"","size":"large","simple_placeholder":"","simple_default":"","first_placeholder":"","first_default":"","middle_placeholder":"","middle_default":"","last_placeholder":"","last_default":"","css":""},"1":{"id":"1","type":"email","label":"Your Email (required)","description":"","size":"large","placeholder":"","confirmation_placeholder":"","default_value":"","css":""},"3":{"id":"3","type":"text","label":"Subject","description":"","size":"large","placeholder":"","limit_count":"1","limit_mode":"characters","default_value":"","css":"","input_mask":""},"4":{"id":"4","type":"textarea","label":"Your Message","description":"","size":"large","placeholder":"","limit_count":"1","limit_mode":"characters","default_value":"","css":""}},"settings":{"form_title":"Contact Form","form_desc":"","form_class":"contact-form","submit_text":"Send Message","submit_text_processing":"Sending...","submit_class":"","honeypot":"1","notification_enable":"1","notifications":{"1":{"email":"{admin_email}","subject":"New Entry: Contact Form","sender_name":"Vodi","sender_address":"{admin_email}","replyto":"{field_id=\"1\"}","message":"{all_fields}"}},"confirmations":{"1":{"type":"message","message":"<p>Thanks for contacting us! We will be in touch with you shortly.<\/p>","message_scroll":"1","page":"79","redirect":""}}},"meta":{"template":"contact"}}]